id;created_date;created_by;last_modified_date;last_modified_by
1;2020-11-16T16:01:43;Gibraltar Handmade Soft Chicken;2020-11-16T17:18:30;Tennessee
2;2020-11-16T17:09:35;Salad Integration;2020-11-16T16:11:51;Ergonomic Granite Bike Buckinghamshire
3;2020-11-17T01:01:48;partnerships Coordinator User-friendly;2020-11-16T16:12:08;Fantastic program
4;2020-11-17T02:52:55;Jewelery;2020-11-17T01:13:35;Practical Team-oriented Fresh
5;2020-11-16T15:01:01;Savings Account;2020-11-16T05:09:14;Texas generating Intelligent
6;2020-11-16T16:54:41;Forward;2020-11-16T06:22:37;Licensed deposit Sleek Metal Soap
7;2020-11-16T09:49:06;composite Garden feed;2020-11-16T23:53:24;New York Clothing invoice
8;2020-11-16T14:40:05;Networked Avon transmitter;2020-11-16T17:55:51;navigating Czech Koruna Bedfordshire
9;2020-11-16T10:51:59;Louisiana;2020-11-16T11:29:09;24/7 Fantastic Soft Pizza
10;2020-11-16T22:48:37;visualize Avon;2020-11-16T06:08:18;Egyptian Pound Borders Fresh
